{
  "nodes": {
    "43": {
      "probs": [
        0.5003387533875339,
        0.49966124661246614,
        0.44197530864197526,
        0.5580246913580247
      ],
      "variable": {
        "id": 43,
        "name": "orgSize",
        "values": [
          "large",
          "small"
        ]
      }
    },
    "44": {
      "probs": [
        0.20245398773006137,
        0.21063394683026587,
        0.18098159509202455,
        0.20756646216768915,
        0.19836400817995908,
        0.05309033280507131,
        0.44611727416798735,
        0.3280507131537243,
        0.026941362916006344,
        0.14580031695721077,
        0.1937984496124031,
        0.19670542635658916,
        0.21414728682170545,
        0.20251937984496124,
        0.19282945736434112,
        0.6070826306913997,
        0.00927487352445194,
        0.002529510961214166,
        0.3701517706576729,
        0.010961214165261383,
        0.2048832271762208,
        0.1932059447983015,
        0.1942675159235669,
        0.2059447983014862,
        0.20169851380042464,
        0.7727272727272727,
        0.030303030303030304,
        0.0,
        0.19696969696969696,
        0.0
      ],
      "variable": {
        "id": 44,
        "name": "action",
        "values": [
          "error",
          "hacking",
          "malware",
          "misuse",
          "social"
        ]
      }
    },
    "45": {
      "probs": [
        0.3313008130081301,
        0.34959349593495936,
        0.31910569105691056,
        0.5612594113620808,
        0.41546885694729635,
        0.02327173169062286
      ],
      "variable": {
        "id": 45,
        "name": "actor",
        "values": [
          "external",
          "internal",
          "partner"
        ]
      }
    },
    "46": {
      "probs": [
        0.24932249322493225,
        0.2567750677506775,
        0.252710027100271,
        0.24119241192411925,
        0.11693268563497572,
        0.15267175572519084,
        0.013185287994448302,
        0.7172102706453852
      ],
      "variable": {
        "id": 46,
        "name": "region",
        "values": [
          "apac",
          "emea",
          "lac",
          "na"
        ]
      }
    },
    "47": {
      "probs": [
        0.05076142131979696,
        0.042301184433164135,
        0.05076142131979696,
        0.04906937394247039,
        0.043993231810490696,
        0.0,
        0.05583756345177666,
        0.042301184433164135,
        0.057529610829103225,
        0.04906937394247039,
        0.0,
        0.04906937394247039,
        0.043993231810490696,
        0.04737732656514383,
        0.04737732656514383,
        0.045685279187817264,
        0.040609137055837574,
        0.05076142131979696,
        0.04906937394247039,
        0.05076142131979696,
        0.03722504230118444,
        0.05245346869712353,
        0.043993231810490696,
        0.009456264775413713,
        0.015366430260047281,
        0.0,
        0.0011820330969267141,
        0.0,
        0.07328605200945627,
        0.015366430260047281,
        0.06973995271867613,
        0.2588652482269504,
        0.13947990543735225,
        0.0,
        0.021276595744680854,
        0.0023640661938534283,
        0.021276595744680854,
        0.07919621749408984,
        0.2198581560283688,
        0.0,
        0.0059101654846335705,
        0.03900709219858156,
        0.0047281323877068565,
        0.011820330969267141,
        0.008274231678486997,
        0.0035460992907801426,
        0.03722504230118443,
        0.04399323181049069,
        0.04399323181049069,
        0.050761421319796954,
        0.04230118443316413,
        0.0,
        0.06260575296108291,
        0.050761421319796954,
        0.049069373942470386,
        0.049069373942470386,
        0.0,
        0.04568527918781726,
        0.03214890016920474,
        0.047377326565143825,
        0.05752961082910322,
        0.047377326565143825,
        0.050761421319796954,
        0.05245346869712352,
        0.047377326565143825,
        0.050761421319796954,
        0.049069373942470386,
        0.03722504230118443,
        0.05245346869712352,
        0.015463917525773193,
        0.030927835051546386,
        0.0,
        0.0017182130584192437,
        0.0,
        0.07216494845360823,
        0.020618556701030927,
        0.07731958762886597,
        0.18556701030927833,
        0.24398625429553258,
        0.0,
        0.015463917525773193,
        0.0,
        0.03264604810996563,
        0.08934707903780068,
        0.10481099656357387,
        0.0,
        0.006872852233676975,
        0.05154639175257731,
        0.017182130584192438,
        0.02233676975945017,
        0.008591065292096219,
        0.0034364261168384875,
        0.04647160068846815,
        0.048192771084337345,
        0.04991394148020654,
        0.0567986230636833,
        0.043029259896729774,
        0.0,
        0.055077452667814115,
        0.0378657487091222,
        0.05335628227194492,
        0.039586919104991396,
        0.0,
        0.04130808950086059,
        0.05335628227194492,
        0.027538726333907058,
        0.048192771084337345,
        0.048192771084337345,
        0.0378657487091222,
        0.04647160068846815,
        0.039586919104991396,
        0.04647160068846815,
        0.06368330464716007,
        0.06196213425129088,
        0.055077452667814115,
        0.055155875299760196,
        0.023980815347721826,
        0.0,
        0.0023980815347721825,
        0.0,
        0.10551558752997603,
        0.01678657074340528,
        0.03597122302158274,
        0.34052757793764993,
        0.06474820143884893,
        0.0,
        0.03357314148681056,
        0.004796163069544365,
        0.026378896882494007,
        0.07673860911270984,
        0.10791366906474821,
        0.0,
        0.0023980815347721825,
        0.03836930455635492,
        0.01918465227817746,
        0.03117505995203837,
        0.007194244604316548,
        0.007194244604316548,
        0.0462046204620462,
        0.0495049504950495,
        0.04125412541254125,
        0.04455445544554455,
        0.054455445544554455,
        0.0,
        0.05115511551155115,
        0.057755775577557754,
        0.04785478547854785,
        0.04455445544554455,
        0.0,
        0.0297029702970297,
        0.039603960396039604,
        0.04455445544554455,
        0.04785478547854785,
        0.04785478547854785,
        0.05115511551155115,
        0.04455445544554455,
        0.052805280528052806,
        0.052805280528052806,
        0.0462046204620462,
        0.04455445544554455,
        0.06105610561056106,
        0.03497942386831276,
        0.008230452674897118,
        0.0020576131687242796,
        0.0102880658436214,
        0.0,
        0.022633744855967076,
        0.014403292181069957,
        0.06790123456790123,
        0.42592592592592593,
        0.03909465020576132,
        0.0,
        0.026748971193415634,
        0.0,
        0.018518518518518517,
        0.04526748971193415,
        0.19341563786008228,
        0.0,
        0.008230452674897118,
        0.03909465020576132,
        0.016460905349794237,
        0.016460905349794237,
        0.00617283950617284,
        0.004115226337448559,
        0.051457975986277875,
        0.051457975986277875,
        0.04116638078902231,
        0.044596912521440824,
        0.04631217838765009,
        0.0,
        0.029159519725557463,
        0.044596912521440824,
        0.054888507718696404,
        0.04631217838765009,
        0.0,
        0.05660377358490567,
        0.054888507718696404,
        0.042881646655231566,
        0.054888507718696404,
        0.051457975986277875,
        0.05317324185248714,
        0.044596912521440824,
        0.05317324185248714,
        0.036020583190394515,
        0.03773584905660378,
        0.05660377358490567,
        0.04802744425385935,
        0.010152284263959392,
        0.010152284263959392,
        0.005076142131979696,
