{
  "nodes": {
    "42": {
      "probs": [
        0.3342825848849945,
        0.33220153340635267,
        0.3335158817086528,
        0.5463051062480178,
        0.45369489375198224,
        0.0
      ],
      "variable": {
        "id": 42,
        "name": "orgSize",
        "values": [
          "large",
          "small",
          "unknown"
        ]
      }
    },
    "43": {
      "probs": [
        0.20152722443559096,
        0.20086321381142097,
        0.19787516600265603,
        0.19555112881806108,
        0.2041832669322709,
        0.04018547140649151,
        0.5712519319938177,
        0.26522411128284396,
        0.02843894899536322,
        0.09489953632148378,
        0.19804241435562805,
        0.20261011419249594,
        0.20163132137030995,
        0.20228384991843396,
        0.19543230016313215,
        0.6015295358649789,
        0.0071202531645569635,
        0.0015822784810126584,
        0.3834388185654009,
        0.006329113924050634,
        0.19947592531935804,
        0.19652800524074682,
        0.20700949885358663,
        0.19751064526695053,
        0.19947592531935804,
        0.745398773006135,
        0.0245398773006135,
        0.0,
        0.21779141104294478,
        0.01226993865030675
      ],
      "variable": {
        "id": 43,
        "name": "action",
        "values": [
          "error",
          "hacking",
          "malware",
          "misuse",
          "social"
        ]
      }
    },
    "44": {
      "probs": [
        0.3299014238773275,
        0.3357064622124863,
        0.3343921139101862,
        0.5269118636465575,
        0.4352993944830679,
        0.03778874187037452
      ],
      "variable": {
        "id": 44,
        "name": "actor",
        "values": [
          "external",
          "internal",
          "partner"
        ]
      }
    },
    "45": {
      "probs": [
        0.2508214676889376,
        0.24983570646221248,
        0.0,
        0.2511500547645126,
        0.24819277108433735,
        0.08302300109529025,
        0.13450164293537786,
        0.02683461117196057,
        0.011281489594742606,
        0.7443592552026287
      ],
      "variable": {
        "id": 45,
        "name": "region",
        "values": [
          "apac",
          "emea",
          "global",
          "lac",
          "na"
        ]
      }
    },
    "46": {
      "probs": [
        0.05027382256297919,
        0.05104052573932092,
        0.05125958378970427,
        0.05213581599123768,
        0.04917853231106243,
        0.048630887185104055,
        0.05027382256297919,
        0.05049288061336254,
        0.04961664841182913,
        0.05049288061336254,
        0.05049288061336254,
        0.04786418400876232,
        0.050383351588170866,
        0.048630887185104055,
        0.05049288061336254,
        0.04895947426067908,
        0.04950711938663746,
        0.05115005476451259,
        0.04950711938663746,
        0.0,
        0.04961664841182913,
        0.01741511500547645,
        0.018838992332968235,
        0.000547645125958379,
        0.003176341730558598,
        0.056955093099671415,
        0.008762322015334063,
        0.08784227820372399,
        0.26692223439211393,
        0.08378970427163199,
        0.0016429353778751369,
        0.02376779846659365,
        0.002738225629791895,
        0.022562979189485213,
        0.04414019715224535,
        0.2544359255202629,
        0.005257393209200438,
        0.05071193866374589,
        0.00963855421686747,
        0.011500547645125958,
        0.024863088718510406,
        0.004490690032858707
      ],
      "variable": {
        "id": 46,
        "name": "industry",
        "values": [
          "accommodation",
          "administrative",
          "agriculture",
          "construction",
          "education",
          "entertainment",
          "finance",
          "healthcare",
          "information",
          "management",
          "manufacturing",
          "miningandutilities",
          "otherservices",
          "professional",
          "publicadministration",
          "realestate",
          "retail",
          "trade",
          "transportation",
          "unknown",
          "utilities"
        ]
      }
    },
    "47": {
      "probs": [
        0.3330013280212483,
        0.33598937583001326,
        0.33100929614873836,
        0.43708750266127316,
        0.24675324675324675,
        0.3161592505854801,
        0.33833605220228385,
        0.33017944535073407,
        0.3314845024469821,
        0.12377514182568335,
        0.8192367199587417,
        0.056988138215575045,
        0.3311496888306584,
        0.32852931542744845,
        0.34032099574189323,
        0.24477611940298508,
        0.7074626865671643,
        0.047761194029850754
      ],
      "variable": {
        "id": 47,
        "name": "attribute",
        "values": [
          "a",
          "c",
          "i"
        ]
      }
    },
    "48": {
      "probs": [
        0.5,
        0.5
      ],
      "variable": {
        "id": 48,
        "name": "incident",
        "values": [
          "F",
          "T"
        ]
      }
    }
  },
  "edges": [
    {
      "pa": 48,
      "ch": 43
    },
    {
      "pa": 44,
      "ch": 43
    },
    {
      "pa": 48,
      "ch": 44
    },
    {
      "pa": 48,
      "ch": 42
    },
    {
      "pa": 48,
      "ch": 45
    },
    {
      "pa": 48,
      "ch": 46
    },
    {
      "pa": 48,
      "ch": 47
    },
    {
      "pa": 44,
      "ch": 47
    }
  ]
}