{
  "nodes": {
    "42": {
      "probs": [
        0.49142327306444133,
        0.5085767269355587,
        0.4431882419446015,
        0.5568117580553986
      ],
      "variable": {
        "id": 42,
        "name": "orgSize",
        "values": [
          "large",
          "small"
        ]
      }
    },
    "43": {
      "probs": [
        0.21929824561403508,
        0.19883040935672516,
        0.18567251461988302,
        0.20321637426900582,
        0.19298245614035087,
        0.02193548387096774,
        0.5832258064516129,
        0.17677419354838708,
        0.02193548387096774,
        0.19612903225806452,
        0.1927710843373494,
        0.19143239625167335,
        0.21419009370816602,
        0.2101740294511379,
        0.19143239625167335,
        0.5885078776645042,
        0.008341056533827617,
        0.0018535681186283592,
        0.371640407784986,
        0.029657089898053747,
        0.19421487603305784,
        0.21349862258953167,
        0.19146005509641872,
        0.18732782369146006,
        0.21349862258953167,
        0.7592592592592593,
        0.018518518518518517,
        0.0,
        0.2222222222222222,
        0.0
      ],
      "variable": {
        "id": 43,
        "name": "action",
        "values": [
          "error",
          "hacking",
          "malware",
          "misuse",
          "social"
        ]
      }
    },
    "44": {
      "probs": [
        0.31710709318497915,
        0.3463143254520167,
        0.33657858136300417,
        0.4588400374181479,
        0.5154349859681946,
        0.02572497661365763
      ],
      "variable": {
        "id": 44,
        "name": "actor",
        "values": [
          "external",
          "internal",
          "partner"
        ]
      }
    },
    "45": {
      "probs": [
        0.253592953175707,
        0.24849327770050997,
        0.0,
        0.2429299953639314,
        0.25498377375985165,
        0.12795549374130738,
        0.15530829856281872,
        0.022253129346314324,
        0.01483541956420955,
        0.67964765878535
      ],
      "variable": {
        "id": 45,
        "name": "region",
        "values": [
          "apac",
          "emea",
          "global",
          "lac",
          "na"
        ]
      }
    },
    "46": {
      "probs": [
        0.04636068613815485,
        0.04636068613815485,
        0.049142327306444133,
        0.04775150672229949,
        0.04728789986091794,
        0.052387575336114975,
        0.052387575336114975,
        0.04636068613815485,
        0.04728789986091794,
        0.05146036161335188,
        0.050533147890588784,
        0.046824292999536395,
        0.0584144645340751,
        0.046824292999536395,
        0.059805285118219746,
        0.04775150672229949,
        0.052387575336114975,
        0.050533147890588784,
        0.05099675475197033,
        0.0,
        0.049142327306444133,
        0.022716736207695872,
        0.019471488178025034,
        0.0009272137227630969,
        0.005099675475197033,
        0.0584144645340751,
        0.01808066759388039,
        0.09411219286045433,
        0.2753824756606398,
        0.12192860454334724,
        0.0004636068613815484,
        0.022716736207695872,
        0.0018544274455261937,
        0.023180343069077423,
        0.06629578117756142,
        0.15438108484005564,
        0.007881316643486324,
        0.06954102920723226,
        0.011590171534538712,
        0.01576263328697265,
        0.006954102920723227,
        0.003245248029670839
      ],
      "variable": {
        "id": 46,
        "name": "industry",
        "values": [
          "accommodation",
          "administrative",
          "agriculture",
          "construction",
          "education",
          "entertainment",
          "finance",
          "healthcare",
          "information",
          "management",
          "manufacturing",
          "miningandutilities",
          "otherservices",
          "professional",
          "publicadministration",
          "realestate",
          "retail",
          "trade",
          "transportation",
          "unknown",
          "utilities"
        ]
      }
    },
    "47": {
      "probs": [
        0.347953216374269,
        0.32456140350877194,
        0.32748538011695905,
        0.0,
        1.0,
        0.0,
        0.3467202141900937,
        0.31593038821954483,
        0.3373493975903614,
        0.0,
        1.0,
        0.0,
        0.2975206611570248,
        0.35399449035812675,
        0.3484848484848485,
        0.0,
        1.0,
        0.0
      ],
      "variable": {
        "id": 47,
        "name": "attribute",
        "values": [
          "a",
          "c",
          "i"
        ]
      }
    },
    "48": {
      "probs": [
        0.5,
        0.5
      ],
      "variable": {
        "id": 48,
        "name": "incident",
        "values": [
          "F",
          "T"
        ]
      }
    }
  },
  "edges": [
    {
      "pa": 48,
      "ch": 43
    },
    {
      "pa": 44,
      "ch": 43
    },
    {
      "pa": 48,
      "ch": 44
    },
    {
      "pa": 48,
      "ch": 42
    },
    {
      "pa": 48,
      "ch": 45
    },
    {
      "pa": 48,
      "ch": 46
    },
    {
      "pa": 48,
      "ch": 47
    },
    {
      "pa": 44,
      "ch": 47
    }
  ]
}