{
  "nodes": {
    "42": {
      "probs": [
        0.3319425127491887,
        0.3463143254520167,
        0.32174316179879464,
        0.4431882419446015,
        0.5568117580553986,
        0.0
      ],
      "variable": {
        "id": 42,
        "name": "orgSize",
        "values": [
          "large",
          "small",
          "unknown"
        ]
      }
    },
    "43": {
      "probs": [
        0.19842373667130273,
        0.1998145572554474,
        0.2095503013444599,
        0.19471488178025034,
        0.19749652294853964,
        0.36449086161879896,
        0.3227154046997389,
        0.03968668407310705,
        0.24073107049608355,
        0.03237597911227154
      ],
      "variable": {
        "id": 43,
        "name": "action",
        "values": [
          "error",
          "hacking",
          "malware",
          "misuse",
          "social"
        ]
      }
    },
    "44": {
      "probs": [
        0.3291608715808994,
        0.3273064441353732,
        0.3435326842837274,
        0.49064546304957907,
        0.48362956033676335,
        0.02572497661365763
      ],
      "variable": {
        "id": 44,
        "name": "actor",
        "values": [
          "external",
          "internal",
          "partner"
        ]
      }
    },
    "45": {
      "probs": [
        0.2401483541956421,
        0.24942049142327308,
        0.0,
        0.2573018080667594,
        0.25312934631432543,
        0.12795549374130738,
        0.15530829856281872,
        0.022253129346314324,
        0.01483541956420955,
        0.67964765878535
      ],
      "variable": {
        "id": 45,
        "name": "region",
        "values": [
          "apac",
          "emea",
          "global",
          "lac",
          "na"
        ]
      }
    },
    "46": {
      "probs": [
        0.05192396847473343,
        0.0449698655540102,
        0.055632823365785816,
        0.05146036161335188,
        0.04775150672229949,
        0.05099675475197033,
        0.054242002781641166,
        0.04357904496986555,
        0.04775150672229949,
        0.05331478905887807,
        0.04775150672229949,
        0.050533147890588784,
        0.05331478905887807,
        0.05099675475197033,
        0.05331478905887807,
        0.045433472415391744,
        0.04775150672229949,
        0.046824292999536395,
        0.049142327306444133,
        0.0,
        0.05331478905887807,
        0.022716736207695872,
        0.019471488178025034,
        0.0009272137227630969,
        0.005099675475197033,
        0.0584144645340751,
        0.01808066759388039,
        0.09411219286045433,
        0.2753824756606398,
        0.12192860454334724,
        0.0004636068613815484,
        0.022716736207695872,
        0.0018544274455261937,
        0.023180343069077423,
        0.06629578117756142,
        0.15438108484005564,
        0.007881316643486324,
        0.06954102920723226,
        0.011590171534538712,
        0.01576263328697265,
        0.006954102920723227,
        0.003245248029670839
      ],
      "variable": {
        "id": 46,
        "name": "industry",
        "values": [
          "accommodation",
          "administrative",
          "agriculture",
          "construction",
          "education",
          "entertainment",
          "finance",
          "healthcare",
          "information",
          "management",
          "manufacturing",
          "miningandutilities",
          "otherservices",
          "professional",
          "publicadministration",
          "realestate",
          "retail",
          "trade",
          "transportation",
          "unknown",
          "utilities"
        ]
      }
    },
    "47": {
      "probs": [
        0.33936022253129344,
        0.32591562355122855,
        0.33472415391747795,
        0.0,
        1.0,
        0.0
      ],
      "variable": {
        "id": 47,
        "name": "attribute",
        "values": [
          "a",
          "c",
          "i"
        ]
      }
    },
    "48": {
      "probs": [
        0.5,
        0.5
      ],
      "variable": {
        "id": 48,
        "name": "incident",
        "values": [
          "F",
          "T"
        ]
      }
    }
  },
  "edges": [
    {
      "pa": 48,
      "ch": 43
    },
    {
      "pa": 48,
      "ch": 44
    },
    {
      "pa": 48,
      "ch": 42
    },
    {
      "pa": 48,
      "ch": 45
    },
    {
      "pa": 48,
      "ch": 46
    },
    {
      "pa": 48,
      "ch": 47
    }
  ]
}